{
    "male": {
        "<20": 0.00001,
        "20-29": 0.00007,
        "30-39": 0.0003,
        "40-49": 0.0006,
        "50-59": 0.002,
        "60-69": 0.01,
        "70-79": 0.029,
        "80+": 0.132,
        "overall": 0.006
    },
    "female": {
        "<20": 0.00001,
        "20-29": 0.00007,
        "30-39": 0.0001,
        "40-49": 0.0004,
        "50-59": 0.002,
        "60-69": 0.006,
        "70-79": 0.017,
        "80+": 0.054,
        "overall": 0.004
    },
    "overall": {
        "<20": 0.00001,
        "20-29": 0.00007,
        "30-39": 0.0002,
        "40-49": 0.0005,
        "50-59": 0.002,
        "60-69": 0.008,
        "70-79": 0.022,
        "80+": 0.083,
        "overall": 0.005
    }
}